{
  "urls": [
    "effects.ogg",
    "effects.m4a",
    "effects.mp3",
    "effects.ac3"
  ],
  "sprite": {
    "ready": [
      0,
      812.5850340136055
    ],
    "go": [
      2000,
      518.4353741496599
    ],
    "game_over": [
      4000,
      2093.6054421768713
    ],
    "new_record": [
      8000,
      2738.4353741496598
    ],
    "crowd_clap": [
      12000,
      975.8956916099777
    ],
    "next_round": [
      14000,
      244.92063492063565
    ]
  }
}